<?xml version='1.0' encoding='UTF-8'?>
<package uuid="bci_final-6ffcd4" version="0.0.0" installOnlyAtStartup="false">
 <names>
  <name lang="en_US">Single_Ladies</name>
 </names>
 <supportedLanguages>
  <language>en_US</language>
 </supportedLanguages>
 <descriptionLanguages>
  <language>en_US</language>
 </descriptionLanguages>
 <contents>
  <behaviorContent path="behavior_1">
   <userRequestable/>
   <nature>interactive</nature>
   <autonomous/>
   <permissions/>
  </behaviorContent>
 </contents>
</package>
